first_name,last_name,job_title,gender,date,email,company,time
Jakie,Beardmore,Developer I,Male,,jbeardmore0@toplist.cz,Aivee,6:55:56
Keefe,Benardette,Web Developer IV,,03/07/2025,kbenardette1@youtu.be,Photolist,10:44:10
Elisabetta,Anand,Help Desk Operator,Female,05/29/2024,eanand2@nyu.edu,BlogXS,6:55:42
Fonsie,Gitting,Analog Circuit Design manager,Male,,fgitting3@yellowbook.com,Yakijo,12:58:30
Gearard,Clitsome,Professor,Male,11/13/2024,gclitsome4@technorati.com,Youspan,
Amelie,Konerding,Nurse,Female,07/01/2024,akonerding5@nature.com,Fanoodle,14:54:19
Alfredo,Olliver,Senior Developer,Male,11/24/2024,aolliver6@plala.or.jp,Brightbean,19:54:22
Anny,Thibodeaux,Financial Advisor,Female,05/06/2024,athibodeaux7@barnesandnoble.com,Topdrive,4:10:06
Querida,Spoors,Sales Representative,Female,06/19/2024,,Innotype,6:42:19
Olympie,Todeo,,Female,06/10/2024,otodeo9@reuters.com,,7:41:45
Fields,Casillis,Legal Assistant,Male,05/10/2024,fcasillisa@phpbb.com,Chatterbridge,23:16:44
,Fealey,Office Assistant I,Male,02/26/2025,afealeyb@jimdo.com,BlogXS,11:57:41
Brendis,Venables,Community Outreach Specialist,Male,12/09/2024,bvenablesc@tinyurl.com,,6:41:39
Reider,Trevan,Database Administrator IV,,01/05/2025,rtrevand@last.fm,Kare,22:19:47
Davie,Greene,Developer III,,02/17/2025,dgreenee@spotify.com,Eayo,12:31:18
,Brunini,Social Worker,Female,07/09/2024,,Jetwire,1:42:58
Fletch,Welch,Civil Engineer,Male,12/02/2024,fwelchg@slashdot.org,,6:36:52
Philbert,Calveley,Legal Assistant,Male,02/04/2025,pcalveleyh@livejournal.com,Fiveclub,16:47:59
Alasteir,Fursse,,Male,01/25/2025,afurssei@techcrunch.com,Yata,20:55:25
,Kopke,Senior Financial Analyst,Female,02/13/2025,kkopkej@usgs.gov,Thoughtworks,21:55:59
Grier,Rowthorn,Administrative Assistant IV,Female,04/09/2025,growthornk@amazon.co.uk,Fivebridge,2:00:46
Reagan,Valens-Smith,Financial Analyst,Male,10/29/2024,rvalenssmithl@cdc.gov,Reallinks,18:35:43
Crissy,La Torre,,Female,09/27/2024,clatorrem@gravatar.com,Zoombeat,10:19:59
,Febry,Director of Sales,Female,03/25/2025,lfebryn@google.co.jp,Yabox,20:54:06
Wheeler,Annwyl,Nurse,,04/13/2025,wannwylo@cbsnews.com,Quatz,23:04:38
Johny,Bower,Database Administrator III,Male,10/11/2024,jbowerp@bloglines.com,Wikivu,19:59:55
Codie,Gingel,Food Chemist,Male,,cgingelq@hibu.com,Vitz,9:51:40
Charyl,,Programmer Analyst I,Female,09/10/2024,coverelr@yellowpages.com,Digitube,12:53:55
Nert,Schober,Software Engineer IV,Female,09/24/2024,nschobers@merriam-webster.com,Twitterlist,10:28:35
Amalie,Coatsworth,,Female,03/13/2025,acoatswortht@usnews.com,Riffwire,
Ugo,Labdon,Geological Engineer,Male,,ulabdonu@cpanel.net,Wikivu,6:01:38
Xavier,Kleanthous,Physical Therapy Assistant,Male,11/10/2024,xkleanthousv@biblegateway.com,Yodel,20:23:12
Jorgan,Abramovicz,Senior Developer,Male,02/25/2025,jabramoviczw@time.com,Snaptags,4:48:27
Nickey,Merali,,Male,05/09/2024,nmeralix@adobe.com,Brainsphere,16:41:53
Vincenty,Bilton,Software Test Engineer II,Male,10/25/2024,vbiltony@walmart.com,Lazzy,6:08:36
Paton,Sinkins,Senior Sales Associate,Male,12/05/2024,psinkinsz@arizona.edu,Fliptune,3:06:17
Abby,Weond,Junior Executive,Male,07/13/2024,aweond10@constantcontact.com,Demizz,3:21:27
Sue,Eastbury,Chief Design Engineer,,02/03/2025,,Gabspot,
Daron,Banck,,Male,08/12/2024,dbanck12@sohu.com,Skyndu,8:06:18
Haslett,Pickthorne,Research Assistant III,Male,05/09/2024,hpickthorne13@parallels.com,Dynazzy,18:52:16
Vachel,,Senior Sales Associate,Male,12/13/2024,,Tagcat,15:32:21
Alfredo,McCarty,Registered Nurse,Male,02/03/2025,,Viva,13:32:44
Mollie,Shawl,Community Outreach Specialist,Female,12/20/2024,,,14:31:52
Peggy,Coathup,Web Developer III,Female,08/31/2024,pcoathup17@com.com,Browseblab,12:26:45
Merla,Hirsch,Tax Accountant,Female,09/15/2024,mhirsch18@theglobeandmail.com,Yambee,4:31:33
Dannye,Knighton,Statistician II,Female,05/02/2024,dknighton19@harvard.edu,Eabox,7:31:36
Jane,Dumbar,Senior Financial Analyst,Female,11/25/2024,jdumbar1a@youtu.be,Kwideo,4:10:11
Brice,Reinbach,Sales Representative,Male,10/22/2024,breinbach1b@bing.com,Eabox,16:03:59
Ody,Rampage,Systems Administrator II,Male,08/03/2024,orampage1c@google.de,Izio,8:27:26
,Gaskill,Dental Hygienist,Male,07/02/2024,bgaskill1d@google.ru,Topdrive,4:55:20
Aloin,Kynett,Pharmacist,,02/26/2025,akynett1e@pen.io,Dynazzy,14:11:17
Josi,,Research Assistant III,Female,11/10/2024,jhunday1f@issuu.com,,13:00:00
Mathias,Marusic,Assistant Professor,Male,03/05/2025,mmarusic1g@wisc.edu,Aimbo,0:54:37
,Yorkston,Internal Auditor,Female,03/27/2025,vyorkston1h@infoseek.co.jp,Kaymbo,23:04:25
Benedikt,Wimlet,Staff Scientist,Male,09/02/2024,bwimlet1i@elegantthemes.com,Meezzy,11:30:26
Morty,Cleyne,Environmental Specialist,Male,04/04/2025,mcleyne1j@comsenz.com,Yakitri,8:41:41
Antonio,Artharg,Business Systems Development Analyst,,10/09/2024,,Dabshots,11:50:04
Beaufort,Everwin,Senior Developer,Male,04/29/2025,beverwin1l@cloudflare.com,Vinte,21:11:28
,Screase,Clinical Specialist,Female,,tscrease1m@mayoclinic.com,Flipstorm,1:55:21
Sybyl,Roycraft,,Female,07/11/2024,sroycraft1n@facebook.com,Shuffletag,10:56:07
Guenevere,Kingsnorth,Geologist III,Female,12/24/2024,gkingsnorth1o@nhs.uk,Gevee,2:02:40
Magdalene,Corneck,,Female,03/22/2025,mcorneck1p@earthlink.net,Kwinu,17:11:00
Innis,Cana,Recruiting Manager,Male,06/09/2024,icana1q@sciencedaily.com,Avamm,
Linzy,Royston,Chemical Engineer,Female,05/07/2024,lroyston1r@mapy.cz,,11:55:26
Kelly,Bettinson,VP Sales,Female,,kbettinson1s@surveymonkey.com,Realbuzz,0:25:10
Dasya,Gibbie,Quality Control Specialist,Female,02/23/2025,dgibbie1t@indiatimes.com,Skiba,22:56:04
Aksel,Scutter,Professor,Male,05/14/2024,ascutter1u@blogs.com,Nlounge,14:44:42
Ikey,Carlile,Accounting Assistant II,,,icarlile1v@fc2.com,Eabox,21:39:52
Augusto,Lansdale,Recruiter,Male,05/07/2024,alansdale1w@bizjournals.com,Voolia,17:20:06
Lib,McKeaney,Project Manager,Female,04/01/2025,,Mita,2:36:48
Ruperto,Gailor,VP Accounting,,,rgailor1y@mtv.com,,1:51:34
Irwin,Ansett,,Male,08/05/2024,iansett1z@flavors.me,Rhycero,20:00:29
Ardis,Monck,Developer IV,Female,10/26/2024,amonck20@constantcontact.com,Realbridge,4:09:56
Prudy,Von Der Empten,Marketing Manager,Female,06/02/2024,pvonderempten21@zimbio.com,Livepath,14:31:15
Cheri,,Registered Nurse,Female,,,Youspan,23:10:06
,Mapples,Senior Cost Accountant,Male,12/06/2024,tmapples23@sciencedirect.com,Mita,22:45:57
Charity,Clawley,Research Associate,Female,05/10/2024,cclawley24@google.com.hk,Dazzlesphere,1:47:03
,Barlee,Professor,Female,01/08/2025,sbarlee25@fastcompany.com,Oodoo,16:20:03
Benjamen,Keneforde,Compensation Analyst,Male,09/08/2024,bkeneforde26@edublogs.org,Youspan,7:04:15
Tawnya,Johanssen,Biostatistician II,Female,09/24/2024,tjohanssen27@123-reg.co.uk,Zava,3:02:21
Brittany,Kirk,Civil Engineer,Female,08/30/2024,,Kamba,15:05:58
Madelon,Orman,Programmer Analyst IV,,06/14/2024,morman29@google.nl,Photojam,21:22:57
Nappie,Novak,Computer Systems Analyst III,Male,06/14/2024,nnovak2a@msu.edu,Browseblab,5:25:02
Nathanil,Sally,Statistician III,Male,02/05/2025,nsally2b@myspace.com,Mynte,20:34:35
Jourdain,Mc Corley,Professor,Male,03/21/2025,,Brainverse,
,,Payment Adjustment Coordinator,Female,01/12/2025,gdiprose2d@ow.ly,Jayo,20:42:53
,Pitcaithly,Systems Administrator II,Male,12/10/2024,mpitcaithly2e@blogspot.com,,23:34:57
Dacia,,Social Worker,Female,08/27/2024,dmiklem2f@ehow.com,Voonyx,23:08:00
Sascha,Christopherson,Compensation Analyst,Female,12/10/2024,schristopherson2g@cnn.com,Twitterlist,16:37:04
Dilly,Cann,Operator,Male,03/29/2025,dcann2h@themeforest.net,,21:59:35
Modestine,Floodgate,Professor,Female,11/11/2024,mfloodgate2i@paginegialle.it,Reallinks,9:06:35
Maximilianus,Fante,Research Associate,Male,08/13/2024,mfante2j@soundcloud.com,,19:11:14
Sauveur,Shorten,Associate Professor,Male,07/08/2024,sshorten2k@yandex.ru,Youspan,2:21:56
Lindsay,,Safety Technician IV,,05/04/2024,lmottini2l@wordpress.com,Rhycero,21:42:15
Luella,Grellis,Librarian,Female,03/17/2025,lgrellis2m@upenn.edu,Gabtype,17:48:22
Son,McRory,Office Assistant II,,02/19/2025,smcrory2n@jalbum.net,Shuffledrive,5:40:38
,Lundon,Legal Assistant,Male,08/10/2024,flundon2o@joomla.org,Plambee,5:52:31
,Fakes,Teacher,Female,12/16/2024,bfakes2p@nyu.edu,Plambee,20:48:00
Ely,Ellerington,VP Quality Control,Male,11/14/2024,eellerington2q@multiply.com,Demivee,14:12:02
Ruddie,Gameson,,Male,01/13/2025,rgameson2r@washingtonpost.com,Jamia,6:27:08
Ronald,Bare,Programmer III,Male,12/12/2024,rbare2s@psu.edu,Babbleblab,0:44:59
Inna,Rounding,Help Desk Technician,Female,11/10/2024,,Twiyo,
Gaven,O'Riordan,Budget/Accounting Analyst I,Male,07/20/2024,,Gabtype,17:02:45
Robbie,Nutter,Graphic Designer,Female,01/27/2025,rnutter2v@hc360.com,Zooxo,23:15:52
Benyamin,Marsie,Senior Cost Accountant,Male,10/05/2024,bmarsie2w@sciencedaily.com,Ainyx,19:40:24
Vevay,Simo,Sales Representative,Female,05/19/2024,vsimo2x@reuters.com,Skippad,2:32:52
Sadella,Bayman,Budget/Accounting Analyst IV,Female,02/08/2025,sbayman2y@dagondesign.com,Photobug,18:25:46
Abagail,Adair,,Female,06/18/2024,aadair2z@wikispaces.com,,5:10:38
Calida,Jankiewicz,Quality Engineer,Female,,cjankiewicz30@sogou.com,Tavu,11:24:40
Elset,Gilderoy,Accountant II,Female,07/27/2024,egilderoy31@meetup.com,Kayveo,3:10:59
Benedikt,Nice,Electrical Engineer,Male,04/11/2025,bnice32@google.com.hk,Buzzshare,7:32:46
Davidson,Gready,Data Coordinator,Male,,dgready33@is.gd,,12:50:25
Kalindi,Ellard,Senior Quality Engineer,Female,12/03/2024,kellard34@icio.us,Yata,21:44:31
Dorris,Divina,Health Coach III,Female,01/30/2025,ddivina35@fotki.com,Linklinks,23:21:48
Benjy,Showte,Director of Sales,Male,,bshowte36@bloglines.com,Brightbean,13:56:44
Ellwood,Lindholm,Civil Engineer,Male,04/18/2025,elindholm37@ehow.com,Kimia,13:06:03
Sandi,Zorzini,Internal Auditor,Female,08/18/2024,,,
Vinita,Skerratt,,Female,10/07/2024,vskerratt39@hp.com,Jaxworks,12:30:33
Katharina,,Graphic Designer,Female,10/10/2024,kmcglade3a@wix.com,Pixoboo,7:59:44
Maggie,Kimmerling,,Female,01/27/2025,mkimmerling3b@earthlink.net,Youfeed,2:39:58
Germana,Hauck,Technical Writer,Female,12/09/2024,ghauck3c@ezinearticles.com,Oozz,3:37:30
Anette,Coventry,,Female,,acoventry3d@fotki.com,Jetwire,4:50:11
Hetty,Hoggetts,Programmer I,Female,02/01/2025,hhoggetts3e@aol.com,Eayo,20:00:34
Ema,Fetter,Quality Control Specialist,Female,06/17/2024,efetter3f@rambler.ru,Rhyloo,19:00:07
Clarita,Swarbrick,VP Sales,Female,,cswarbrick3g@icio.us,Topicstorm,22:52:46
,Joiris,Geological Engineer,Female,05/13/2024,ajoiris3h@tumblr.com,Oyonder,1:44:21
Joleen,Kliesl,,,09/08/2024,jkliesl3i@newyorker.com,,12:47:03
Arte,McGibbon,Internal Auditor,Male,01/11/2025,amcgibbon3j@pbs.org,,7:42:33
Dion,Fender,Director of Sales,Male,02/23/2025,dfender3k@google.co.jp,Photobug,1:21:44
Remington,Weatherley,Dental Hygienist,Male,09/06/2024,rweatherley3l@epa.gov,Kaymbo,7:52:40
Fabian,Tilte,,Male,,ftilte3m@ihg.com,Camido,17:54:32
Gwynne,Wetherburn,Biostatistician I,Female,11/17/2024,gwetherburn3n@mozilla.org,Zoombeat,11:11:28
Patric,Tuberfield,Computer Systems Analyst II,Male,,ptuberfield3o@hatena.ne.jp,Riffwire,20:31:55
Abbott,Hallawell,Assistant Manager,Male,07/02/2024,ahallawell3p@blogs.com,Pixonyx,3:12:00
Richardo,,Nuclear Power Engineer,Male,06/09/2024,rrosenbarg3q@upenn.edu,Quimba,9:21:12
Sheilakathryn,Quarrington,Web Designer II,Female,11/08/2024,squarrington3r@chronoengine.com,Buzzster,12:45:00
Blane,Brumham,Director of Sales,Male,12/26/2024,bbrumham3s@oaic.gov.au,Thoughtbeat,14:20:49
Jecho,Cannon,Social Worker,Male,10/04/2024,jcannon3t@sciencedirect.com,,
Egon,Libermore,Accountant IV,Male,04/15/2025,elibermore3u@cmu.edu,Twitterworks,8:18:33
Dorri,Oleshunin,Senior Developer,,03/22/2025,doleshunin3v@ebay.co.uk,Jaloo,
Temp,Cancott,Accounting Assistant II,Male,04/19/2025,,Yodo,23:39:33
,Wilcocks,Programmer Analyst IV,Male,04/30/2025,pwilcocks3x@howstuffworks.com,,22:29:01
Shea,Barriball,Software Engineer III,Male,05/13/2024,sbarriball3y@msn.com,Skajo,10:44:37
Sigismond,Boscott,Graphic Designer,Male,07/03/2024,sboscott3z@europa.eu,Edgepulse,14:22:56
Minni,Eccleshall,Senior Quality Engineer,Female,02/17/2025,meccleshall40@ifeng.com,Centidel,1:29:58
Jae,de Clercq,Environmental Tech,Male,03/19/2025,jdeclercq41@adobe.com,,10:17:50
Othelia,Allebone,Nurse,Female,07/21/2024,oallebone42@unc.edu,Jaxworks,
Andie,Rowesby,Food Chemist,Female,04/06/2025,arowesby43@hao123.com,,6:10:42
Tommie,Spykins,Director of Sales,Male,07/08/2024,tspykins44@economist.com,Brainlounge,10:40:59
Aryn,McFeat,Internal Auditor,Female,09/27/2024,amcfeat45@quantcast.com,Mynte,12:33:00
,Schroeder,,Female,01/26/2025,,Centizu,17:18:51
Marius,Finlay,Project Manager,Male,04/15/2025,mfinlay47@photobucket.com,Bubbletube,8:35:50
Massimo,Dohmer,Software Test Engineer II,,05/03/2024,mdohmer48@xinhuanet.com,Oyonder,21:49:42
Viole,Pearce,Senior Cost Accountant,Female,09/13/2024,vpearce49@nps.gov,Pixoboo,8:07:44
Francisca,Loyd,Quality Engineer,,10/13/2024,floyd4a@51.la,Youspan,21:00:31
Frannie,,VP Product Management,Male,05/30/2024,fmontez4b@blogger.com,Oyoba,8:33:32
Codie,Woollons,Human Resources Assistant III,Female,01/22/2025,cwoollons4c@cpanel.net,Skyvu,7:45:25
,Kinforth,Information Systems Manager,Female,04/06/2025,lkinforth4d@stanford.edu,Jazzy,5:10:50
Sayers,Harcombe,Media Manager III,Male,06/07/2024,sharcombe4e@live.com,Browseblab,22:22:22
Bartholomeus,Howsam,Developer I,Male,04/08/2025,bhowsam4f@globo.com,Yabox,2:37:08
Felicia,Meineking,Food Chemist,Female,04/21/2025,fmeineking4g@nature.com,Topicware,2:25:24
Mackenzie,De Avenell,Chief Design Engineer,Male,12/26/2024,mdeavenell4h@oracle.com,Thoughtbridge,10:01:18
Tracy,Haselup,Analog Circuit Design manager,Female,08/01/2024,thaselup4i@jiathis.com,Tagopia,16:34:06
,Staniford,Geologist I,Male,07/25/2024,wstaniford4j@nymag.com,Brainverse,10:29:16
Myrah,Sangar,Recruiter,Female,08/21/2024,,Yakidoo,
Stacia,Toping,,Female,10/24/2024,stoping4l@acquirethisname.com,Topicshots,17:42:25
Woody,,Senior Editor,Male,,wmackney4m@yahoo.co.jp,,12:04:52
Wendy,Dunkersley,Senior Developer,Female,03/04/2025,wdunkersley4n@wired.com,Trupe,8:04:26
Clare,Sarle,Occupational Therapist,Male,09/20/2024,csarle4o@goo.ne.jp,Zava,
Franky,,Account Representative IV,,09/23/2024,fgumn4p@squarespace.com,Jabbersphere,23:05:29
,Aers,Technical Writer,Female,09/15/2024,,Ntags,
Madelena,Duncombe,Senior Sales Associate,Female,05/12/2024,mduncombe4r@cisco.com,Voolia,7:02:51
Nelie,Huxstep,,Female,03/09/2025,nhuxstep4s@creativecommons.org,Browseblab,
Cordi,Allsup,Mechanical Systems Engineer,Female,09/14/2024,callsup4t@myspace.com,Skyba,13:17:01
Gabey,Tween,Executive Secretary,Female,02/01/2025,,Ntag,19:44:10
Maxwell,Witherington,Assistant Manager,Male,12/09/2024,mwitherington4v@wired.com,Topdrive,2:50:07
Fair,Kinzett,Health Coach IV,Male,05/07/2024,fkinzett4w@ft.com,Miboo,
Debby,Martyn,Nuclear Power Engineer,Female,12/24/2024,dmartyn4x@webmd.com,InnoZ,14:20:15
Latrena,Muneely,Civil Engineer,,09/21/2024,lmuneely4y@mapquest.com,Yadel,20:41:55
Sybyl,Fulop,Quality Control Specialist,Female,,,Demivee,15:46:57
Herta,McPhate,Environmental Specialist,Female,08/07/2024,hmcphate50@domainmarket.com,Zoonoodle,23:05:44
Shaina,Gianasi,Sales Associate,Female,12/22/2024,sgianasi51@home.pl,Babbleset,17:33:06
,,Financial Analyst,Male,05/08/2024,pwaine52@scribd.com,Skyvu,
Hall,Spellecy,,Male,11/29/2024,hspellecy53@xing.com,Gabtype,2:15:01
Augustine,Hagger,Safety Technician III,Male,11/25/2024,ahagger54@cafepress.com,Vinte,3:54:55
Michele,Saw,Help Desk Operator,Female,,msaw55@list-manage.com,Feedbug,15:08:08
Lida,Benettini,Clinical Specialist,Female,05/09/2024,lbenettini56@ucla.edu,Tanoodle,16:06:19
Madalyn,,Occupational Therapist,Female,09/21/2024,mrunsey57@wsj.com,Vinder,
Nickolaus,Colaco,Editor,Male,05/14/2024,ncolaco58@bandcamp.com,,1:37:30
Keene,Tills,Executive Secretary,Male,,ktills59@indiatimes.com,Oloo,16:48:36
Lothario,Sayce,Project Manager,Male,05/29/2024,lsayce5a@opera.com,Realmix,11:15:47
Constantine,Colafate,Community Outreach Specialist,Male,08/13/2024,ccolafate5b@seattletimes.com,Oyope,12:31:26
Desmond,Rizzini,Statistician III,,09/27/2024,drizzini5c@cdc.gov,Jetwire,12:10:43
Wheeler,Prattin,Marketing Assistant,Male,01/25/2025,wprattin5d@theglobeandmail.com,Skinix,
Teddie,Foggarty,General Manager,Female,08/25/2024,tfoggarty5e@accuweather.com,Skaboo,8:04:36
Gretta,Naden,Civil Engineer,Female,11/30/2024,gnaden5f@auda.org.au,Mymm,
Kenny,,Product Engineer,Male,06/16/2024,klutwidge5g@xinhuanet.com,Livetube,22:56:24
Adena,Bispham,,Female,,abispham5h@dedecms.com,Jaxworks,20:49:58
Chev,Ygoe,Speech Pathologist,Male,05/16/2024,cygoe5i@scribd.com,Jabberbean,23:14:41
Briant,,Programmer III,Male,04/19/2025,bwalkey5j@etsy.com,Oyoloo,13:58:53
Andrey,Wayman,Professor,Male,11/02/2024,awayman5k@mapy.cz,Edgeclub,13:34:01
,FitzAlan,Associate Professor,Female,03/07/2025,,Devshare,5:21:35
Melodie,Sandham,Account Representative III,Female,11/19/2024,msandham5m@over-blog.com,Agimba,
Cybil,Franses,Financial Analyst,Female,01/19/2025,cfranses5n@sciencedaily.com,Realfire,21:38:47
Leonid,Ziemen,Budget/Accounting Analyst I,Male,02/13/2025,lziemen5o@census.gov,Brightbean,10:41:21
Faina,Deners,,Female,09/02/2024,fdeners5p@sina.com.cn,Yombu,19:11:23
Gerome,Kinahan,Senior Editor,Male,10/14/2024,gkinahan5q@eventbrite.com,,21:29:48
Raye,Moulster,Budget/Accounting Analyst I,Female,04/01/2025,rmoulster5r@a8.net,Aimbu,5:42:11
Tildy,Yesinin,Geologist IV,Female,01/25/2025,,Jabbersphere,3:02:44
Iain,,Account Representative IV,Male,08/06/2024,imacuchadair5t@columbia.edu,Kanoodle,21:08:57
Eliza,Roome,Nurse,Female,01/15/2025,eroome5u@mashable.com,,13:18:35
Leighton,Gillebert,Compensation Analyst,Male,02/24/2025,lgillebert5v@nhs.uk,Blognation,6:55:16
Brett,Gorring,Account Representative III,Male,07/31/2024,bgorring5w@scribd.com,Thoughtstorm,8:26:09
Marcellina,Suggate,GIS Technical Architect,Female,11/09/2024,msuggate5x@vk.com,Twitterbridge,5:48:11
Nedi,Yukhtin,Senior Cost Accountant,Female,05/14/2024,nyukhtin5y@opensource.org,Topicblab,20:17:23
Theodoric,Knevit,Software Engineer III,Male,04/03/2025,,Shufflester,13:12:25
Farica,Pedlar,Financial Advisor,Female,04/04/2025,fpedlar60@instagram.com,Babbleset,2:34:25
Lauralee,Macklin,Senior Editor,Female,10/06/2024,lmacklin61@illinois.edu,,14:53:51
Fredrika,Garvie,,Female,06/10/2024,fgarvie62@utexas.edu,Blogtags,
Violetta,Daintrey,Financial Advisor,Female,09/05/2024,vdaintrey63@psu.edu,Trilith,11:51:04
Bartlet,Lambertson,Engineer I,Male,05/01/2024,blambertson64@zdnet.com,,0:47:22
Dix,Pearman,,,02/21/2025,dpearman65@businessinsider.com,Photobug,1:57:47
Herminia,Rich,Account Representative I,Female,06/16/2024,hrich66@slashdot.org,Layo,14:13:51
Rosalyn,Dakhov,Statistician II,Female,09/18/2024,rdakhov67@eventbrite.com,,16:37:52
Lilllie,Le Jean,Media Manager II,Female,10/06/2024,llejean68@icq.com,Tazzy,11:00:44
Bonnibelle,Trowle,Human Resources Manager,Female,11/06/2024,,Rhyloo,0:19:50
Filmore,Lethbridge,Electrical Engineer,Male,,flethbridge6a@chicagotribune.com,Thoughtbridge,15:36:57
,Foker,Developer I,Male,06/02/2024,,Latz,22:33:23
Benedicto,McAlindon,Analyst Programmer,Male,02/19/2025,bmcalindon6c@huffingtonpost.com,Camimbo,20:00:01
Batholomew,Kesey,Financial Analyst,Male,,bkesey6d@hugedomains.com,,2:52:09
Laural,,,Female,08/16/2024,lpfleger6e@xing.com,Twitterlist,15:53:43
Maggi,Edmonston,VP Quality Control,Female,02/11/2025,medmonston6f@skype.com,Dynabox,18:23:29
,,,Male,02/16/2025,mdelacroux6g@simplemachines.org,Youspan,23:11:05
Silvio,Tosney,Analyst Programmer,Male,10/20/2024,stosney6h@instagram.com,,18:08:32
Hertha,Skea,VP Marketing,Female,07/20/2024,hskea6i@instagram.com,Dynazzy,0:10:23
Helaine,Pachta,,Female,09/21/2024,hpachta6j@wufoo.com,Twitterlist,7:44:30
Kalinda,Dumbreck,Software Test Engineer II,Female,08/10/2024,kdumbreck6k@fda.gov,Kwideo,13:52:11
Jarrett,Broxton,Product Engineer,Male,08/10/2024,jbroxton6l@cisco.com,Voonix,5:14:30
Halsy,Wearn,Civil Engineer,Male,06/28/2024,hwearn6m@xrea.com,Flashset,1:43:17
Fonsie,Rounding,Associate Professor,Male,09/06/2024,frounding6n@issuu.com,Quimba,0:40:30
Earlie,Berick,Senior Financial Analyst,Male,09/12/2024,,Thoughtstorm,21:47:20
Granville,Affleck,Recruiting Manager,Male,10/09/2024,gaffleck6p@blogger.com,,13:36:31
Lennard,Sendall,Account Coordinator,Male,04/24/2025,lsendall6q@is.gd,Linklinks,15:14:33
Gael,Gilluley,Social Worker,Female,09/01/2024,,Photolist,7:55:35
Heriberto,Haskett,VP Accounting,Male,04/01/2025,hhaskett6s@cnbc.com,Divanoodle,0:25:49
Etta,Secombe,Associate Professor,Female,08/12/2024,esecombe6t@google.pl,Livefish,13:56:34
Sean,Vedeniktov,Sales Associate,Male,03/14/2025,svedeniktov6u@clickbank.net,Skilith,4:12:32
,Mullins,Product Engineer,Male,09/08/2024,bmullins6v@paypal.com,Wikivu,
Ingrid,Littlechild,Social Worker,Female,03/14/2025,ilittlechild6w@digg.com,Cogidoo,20:30:12
Garik,Putterill,Registered Nurse,Male,01/17/2025,gputterill6x@hud.gov,Vitz,
,Pele,Product Engineer,Male,04/16/2025,jpele6y@drupal.org,,18:16:15
Gerianne,Buscombe,,Female,07/26/2024,gbuscombe6z@delicious.com,,8:19:28
Perice,Pyner,Associate Professor,Male,10/21/2024,ppyner70@aboutads.info,Yata,10:33:50
Heath,Essery,Social Worker,,08/22/2024,hessery71@google.com.br,Zoonder,11:35:06
,Prendeguest,,Male,04/04/2025,dprendeguest72@linkedin.com,Youopia,4:45:29
Whitney,Pococke,Assistant Professor,Female,02/17/2025,wpococke73@myspace.com,Dabtype,8:08:37
Nicko,Jarvie,Professor,,09/14/2024,njarvie74@slideshare.net,Rhycero,15:09:59
Kelvin,,Teacher,Male,03/22/2025,kmaylor75@alexa.com,Quimm,17:18:22
Ki,,Accountant I,Female,05/04/2024,kechallie76@macromedia.com,,
Bunnie,Stentiford,Occupational Therapist,Female,,,Voonix,
Efren,Rozea,,Male,01/29/2025,erozea78@wiley.com,Yodoo,23:42:29
Shawnee,Lorriman,Technical Writer,Female,01/19/2025,slorriman79@goo.ne.jp,Twinte,21:07:13
Betsey,Dulwitch,Software Engineer I,Female,,bdulwitch7a@squidoo.com,Photojam,12:24:44
Nissy,Ivanichev,Office Assistant II,,11/29/2024,nivanichev7b@google.com.au,Yodoo,4:49:59
Gayla,Quince,Programmer Analyst IV,Female,09/09/2024,gquince7c@hexun.com,,17:52:35
Chrysa,Ailmer,Chemical Engineer,Female,01/29/2025,cailmer7d@go.com,,13:23:55
Madel,Chessill,Statistician I,,07/08/2024,mchessill7e@jugem.jp,Yadel,5:15:44
,Trillow,Programmer Analyst II,Male,01/08/2025,,Realfire,14:10:42
Bette-ann,Klezmski,Assistant Professor,Female,06/15/2024,bklezmski7g@yandex.ru,Riffpedia,
Belita,Vasler,Statistician II,Female,,bvasler7h@mit.edu,Yotz,16:38:29
Neal,Robbey,Graphic Designer,Male,,nrobbey7i@ezinearticles.com,Riffwire,23:29:15
Gwynne,,Paralegal,Female,01/13/2025,,Realcube,23:54:53
Akim,Tebbe,Quality Engineer,,,atebbe7k@seattletimes.com,Dabtype,1:37:18
Nickolaus,Gianinotti,Marketing Manager,Male,06/09/2024,ngianinotti7l@chronoengine.com,Yakitri,10:37:44
Thomas,Moxted,Programmer Analyst II,Male,08/29/2024,tmoxted7m@answers.com,Skyba,20:32:47
Aubrey,Collop,Developer IV,Male,03/11/2025,acollop7n@latimes.com,Zoombox,22:59:08
Brooks,Moss,Account Executive,Male,08/06/2024,bmoss7o@joomla.org,Ozu,16:46:28
Starlene,Hill,,Female,10/19/2024,shill7p@nsw.gov.au,Twinte,20:54:09
Quentin,Zaniolini,Technical Writer,Female,,qzaniolini7q@dot.gov,,0:55:05
Jarrid,Shelley,,Male,03/04/2025,jshelley7r@nhs.uk,Dynazzy,2:10:36
Andrea,Winder,,,08/08/2024,awinder7s@bloomberg.com,Edgetag,20:57:35
Hulda,Northcott,Computer Systems Analyst III,Female,,,Demizz,13:00:48
Lorena,Collymore,Statistician I,Female,01/14/2025,lcollymore7u@hostgator.com,Photospace,10:13:42
Pat,Southward,Accountant IV,,01/14/2025,psouthward7v@wsj.com,Wikido,2:19:34
Toiboid,Lovejoy,Assistant Media Planner,Male,07/28/2024,tlovejoy7w@spotify.com,Jabberbean,0:04:06
Brennen,Abbott,Marketing Assistant,Male,06/09/2024,babbott7x@cocolog-nifty.com,,10:40:56
Marianne,Moggie,,Female,07/05/2024,mmoggie7y@ucla.edu,Flashspan,11:06:08
Jan,Duberry,Senior Cost Accountant,Female,10/31/2024,jduberry7z@geocities.com,Yoveo,
Conant,Stanyan,Systems Administrator III,Male,05/05/2024,cstanyan80@mayoclinic.com,Wordify,
Sam,Lorent,Web Designer II,Female,07/11/2024,,Fivechat,
Roderich,Everett,,Male,12/20/2024,reverett82@cpanel.net,Realpoint,
Baxy,Wedmore,Professor,Male,06/17/2024,bwedmore83@webmd.com,Blognation,1:32:27
Louie,Lamplough,Senior Sales Associate,Male,06/02/2024,llamplough84@pagesperso-orange.fr,Devcast,6:05:29
Cloris,Ruddoch,Biostatistician I,Female,06/22/2024,cruddoch85@chicagotribune.com,Dabtype,9:20:29
Delphinia,,Sales Representative,Female,04/09/2025,dgregorin86@sourceforge.net,InnoZ,3:25:25
Bobette,Fauning,Quality Engineer,Female,10/14/2024,bfauning87@netvibes.com,,3:49:03
Thorny,Joslin,Senior Cost Accountant,Male,09/25/2024,,Demizz,16:04:18
Ramsay,Hazeldean,Registered Nurse,Male,07/22/2024,rhazeldean89@yellowbook.com,Ainyx,5:25:01
Idalia,Markussen,Marketing Assistant,Female,12/05/2024,imarkussen8a@wsj.com,Voonyx,
Carleton,Toft,Data Coordinator,Male,06/28/2024,ctoft8b@gravatar.com,Buzzshare,10:01:17
Cati,Krolman,Occupational Therapist,Female,10/27/2024,ckrolman8c@salon.com,Youbridge,
Germain,Fraser,Dental Hygienist,Male,07/12/2024,gfraser8d@virginia.edu,Quimm,23:36:42
Farra,Eliaz,Recruiter,,08/31/2024,feliaz8e@google.de,Realblab,7:51:23
Domenico,Penlington,Sales Associate,Male,05/30/2024,dpenlington8f@washingtonpost.com,Jamia,13:21:35
Wynny,Parram,Director of Sales,Female,03/14/2025,,Jaxworks,6:07:12
Gil,Lighten,Teacher,Male,08/17/2024,glighten8h@wunderground.com,Shuffledrive,21:14:48
,,Nurse,Male,05/03/2024,,,17:41:10
Ettore,Mulheron,VP Accounting,Male,08/26/2024,emulheron8j@unblog.fr,Devcast,19:13:57
Margalit,Odeson,Senior Editor,Female,11/26/2024,modeson8k@ucsd.edu,Quimm,3:41:29
Bud,MacCaughen,Community Outreach Specialist,Male,,bmaccaughen8l@bloglovin.com,Yotz,2:01:45
Edie,Bartolomeu,,Female,06/18/2024,ebartolomeu8m@amazon.de,Wikizz,
Scotty,Robjant,,Male,08/29/2024,srobjant8n@theguardian.com,Fliptune,
Gilberte,Karpenko,Human Resources Assistant II,Female,09/10/2024,gkarpenko8o@amazon.com,Centidel,7:11:49
,Robken,VP Accounting,Male,,arobken8p@wikispaces.com,Dynabox,10:07:40
Kristine,Ivashov,Research Assistant II,,09/18/2024,kivashov8q@yahoo.co.jp,Photospace,
Keven,Greenan,Research Associate,Male,08/28/2024,kgreenan8r@ezinearticles.com,Zoozzy,4:41:50
Brod,Grimwad,Compensation Analyst,Male,11/21/2024,bgrimwad8s@prnewswire.com,Eadel,18:44:46
Isa,Boule,Cost Accountant,Male,06/20/2024,iboule8t@vimeo.com,Twitterbridge,12:42:59
Yoko,Spindler,,Female,02/28/2025,yspindler8u@google.pl,Einti,14:17:48
Minni,Hunday,GIS Technical Architect,Female,05/17/2024,mhunday8v@bluehost.com,Centimia,16:24:07
Griffith,Cruickshanks,Systems Administrator IV,Male,02/22/2025,,Mynte,3:23:58
Egon,Mizen,Sales Associate,Male,05/07/2024,emizen8x@istockphoto.com,Jabbersphere,18:44:41
Elene,Casino,Human Resources Manager,Female,07/24/2024,ecasino8y@dyndns.org,Gabspot,10:04:53
Lothario,McDougall,,Male,06/01/2024,lmcdougall8z@dagondesign.com,Wikibox,14:36:17
Adi,Malyan,Research Associate,,08/10/2024,amalyan90@hp.com,Yakitri,7:43:26
Shandie,,,Female,04/01/2025,sreeves91@nationalgeographic.com,Oyope,21:17:37
Alexandrina,Cornier,Mechanical Systems Engineer,Female,04/19/2025,acornier92@wufoo.com,Tavu,
Karylin,Kunzel,Physical Therapy Assistant,Female,09/07/2024,kkunzel93@goodreads.com,Twinte,3:10:03
,Cahani,Analyst Programmer,Female,08/27/2024,icahani94@xing.com,Divanoodle,12:58:43
Ugo,Eastham,VP Product Management,Male,03/25/2025,ueastham95@amazon.com,Demimbu,15:29:28
Fabio,Griswood,Media Manager IV,Male,10/26/2024,fgriswood96@hubpages.com,Edgewire,11:16:18
Carmina,Learie,Engineer IV,Female,02/08/2025,,,3:05:32
Reine,Peoples,Occupational Therapist,Female,,rpeoples98@edublogs.org,Quatz,21:03:52
,Moxstead,General Manager,Male,11/20/2024,mmoxstead99@drupal.org,Thoughtblab,
Anestassia,Elstone,Paralegal,Female,05/23/2024,aelstone9a@ibm.com,Cogibox,8:09:22
Avram,Crinage,Community Outreach Specialist,Male,04/12/2025,acrinage9b@qq.com,Skibox,18:39:58
Ellswerth,Monger,Systems Administrator II,,09/30/2024,emonger9c@angelfire.com,Agimba,6:30:17
,Frankton,Human Resources Assistant III,Male,07/21/2024,sfrankton9d@va.gov,Kaymbo,20:34:33
Osborn,Bassom,Junior Executive,Male,01/20/2025,obassom9e@fastcompany.com,Pixonyx,16:39:59
Allis,Makinson,,Female,10/25/2024,,Zoomlounge,22:59:29
Kendra,Blissett,Sales Associate,Female,02/08/2025,kblissett9g@newsvine.com,Myworks,5:06:56
Wolfy,Pelos,Research Associate,,,wpelos9h@sogou.com,Bubbletube,
Claudina,Barbe,Administrative Officer,,06/24/2024,,Brightdog,3:14:53
Mireille,,Community Outreach Specialist,,02/19/2025,mexposito9j@craigslist.org,Dynabox,9:52:07
Rollie,Bohlin,Actuary,Male,10/26/2024,rbohlin9k@twitpic.com,Demivee,0:10:47
Ryun,Griffey,Office Assistant I,Male,09/08/2024,rgriffey9l@tamu.edu,Divape,19:17:44
Lottie,Dripps,Quality Engineer,Female,03/29/2025,ldripps9m@meetup.com,Kamba,4:01:30
Hildagard,Grier,Project Manager,Female,10/15/2024,hgrier9n@salon.com,,20:11:59
,Merigot,Help Desk Operator,Male,04/28/2025,dmerigot9o@free.fr,Katz,19:18:00
Domingo,Pawlyn,Environmental Specialist,Male,06/12/2024,dpawlyn9p@sciencedaily.com,Janyx,
Zachariah,Ayliffe,Librarian,Male,,zayliffe9q@com.com,Katz,21:50:45
Phillida,Casterton,Analyst Programmer,Female,06/21/2024,pcasterton9r@senate.gov,Kwilith,15:56:09
Vannie,,Statistician IV,Female,11/04/2024,vphelipeaux9s@bbc.co.uk,,0:57:55
Meaghan,Perryn,Financial Analyst,Female,05/13/2024,mperryn9t@marriott.com,Dazzlesphere,11:27:57
Ryan,Manhood,GIS Technical Architect,Male,08/05/2024,rmanhood9u@pinterest.com,Twitternation,19:39:24
Randie,,Human Resources Manager,Male,,rberford9v@parallels.com,Kwilith,11:05:29
Cirstoforo,Easlea,,Male,07/03/2024,ceaslea9w@canalblog.com,Skyba,13:40:37
Claudell,Morphew,,Male,03/21/2025,cmorphew9x@google.co.jp,,23:22:04
Jodie,Lecointe,Junior Executive,Male,03/13/2025,jlecointe9y@over-blog.com,Livetube,11:53:12
Irvine,Kynaston,Senior Financial Analyst,Male,02/26/2025,ikynaston9z@nasa.gov,Browsecat,11:10:22
Marcille,Alwen,Analog Circuit Design manager,Female,10/09/2024,,Livetube,9:11:01
Marijo,Dahlbom,Account Coordinator,,10/19/2024,,Yotz,7:44:32
Valene,Gowans,Senior Editor,Female,05/27/2024,,Mydo,20:19:57
Sephira,Tunnick,Mechanical Systems Engineer,Female,06/20/2024,stunnicka3@tripod.com,Oyope,6:53:07
Perl,Shawe,Design Engineer,Female,01/12/2025,pshawea4@yolasite.com,Skivee,23:04:46
Analiese,Callard,Computer Systems Analyst IV,Female,07/03/2024,acallarda5@forbes.com,,16:53:47
,McCaughen,Business Systems Development Analyst,Male,,smccaughena6@domainmarket.com,Gabspot,20:09:56
Preston,Prestage,Developer I,Male,05/02/2024,pprestagea7@spotify.com,BlogXS,22:40:43
,Pykerman,VP Quality Control,,01/25/2025,dpykermana8@statcounter.com,Livetube,13:16:54
Dominique,Merrgen,Research Assistant I,Male,04/14/2025,,,0:42:46
Queenie,,Structural Engineer,Female,02/16/2025,qskelhorneaa@narod.ru,Oyonder,6:40:00
Garrick,,Accounting Assistant II,Male,03/08/2025,gbeyneab@narod.ru,Voolia,9:04:20
Jerrold,Joselevitch,Environmental Tech,Male,12/16/2024,jjoselevitchac@salon.com,Jabberstorm,1:17:54
Aeriell,,Biostatistician III,Female,11/04/2024,aheasmanad@wsj.com,Fatz,0:30:59
,Simione,Administrative Assistant III,Female,07/21/2024,gsimioneae@ehow.com,Aimbo,8:05:02
Boonie,Enticknap,Paralegal,Male,11/12/2024,benticknapaf@blogger.com,Midel,9:10:39
Farra,Normanell,Data Coordinator,Female,05/15/2024,,Npath,4:39:52
Eben,Stranks,,Male,04/21/2025,estranksah@flavors.me,Demimbu,
Daloris,Gauntlett,VP Quality Control,,,dgauntlettai@feedburner.com,Pixonyx,13:54:00
,Fennessy,Desktop Support Technician,Female,09/29/2024,bfennessyaj@senate.gov,Skimia,18:51:55
Rosy,Tirte,Quality Control Specialist,Female,01/06/2025,rtirteak@hostgator.com,Camimbo,16:20:15
Boony,Radke,Graphic Designer,Male,09/09/2024,bradkeal@who.int,Twinder,6:45:42
Giana,Danit,Assistant Professor,,04/13/2025,gdanitam@rambler.ru,Wordware,3:37:00
Daisi,Bradnick,Software Consultant,Female,01/13/2025,dbradnickan@is.gd,Linkbridge,12:12:15
,,Assistant Media Planner,Female,01/28/2025,csydneyao@infoseek.co.jp,Oozz,7:57:31
Zita,,,Female,09/26/2024,zgriffoenap@51.la,Wordpedia,2:05:40
Deane,Kilty,Teacher,Male,06/21/2024,dkiltyaq@zimbio.com,Digitube,11:07:37
Jacklin,Coultous,Senior Financial Analyst,Female,04/26/2025,jcoultousar@github.io,Topicstorm,15:49:55
Baron,,Software Engineer III,Male,01/20/2025,bprosekas@skype.com,Wordpedia,3:26:37
Lou,Rabier,Help Desk Technician,Male,11/23/2024,lrabierat@diigo.com,Skinder,5:10:09
Liane,Birtle,Human Resources Assistant IV,Female,,lbirtleau@sciencedaily.com,Mydo,11:47:36
Ros,Roof,Professor,Female,,rroofav@webnode.com,Innotype,
Em,Puzey,Paralegal,Male,11/16/2024,epuzeyaw@paypal.com,Jayo,2:51:33
Esmaria,Geere,,Female,06/28/2024,egeereax@yandex.ru,Wikibox,2:48:41
Kenna,Chretien,Biostatistician IV,Female,02/17/2025,kchretienay@youtube.com,Mydo,
Evelin,Melody,Paralegal,Male,12/15/2024,emelodyaz@gnu.org,Divanoodle,10:15:39
Terrill,Puckett,Clinical Specialist,Male,06/19/2024,tpuckettb0@hud.gov,Mybuzz,15:40:30
Skipper,Lanfere,Tax Accountant,Male,06/16/2024,slanfereb1@marriott.com,Flashspan,4:07:04
,McGuggy,Systems Administrator III,Female,01/17/2025,tmcguggyb2@facebook.com,Browseblab,14:07:19
Junia,Aleksandrev,Automation Specialist II,Female,12/03/2024,jaleksandrevb3@comcast.net,Gabtype,
Conway,Antonowicz,Systems Administrator I,Male,05/09/2024,cantonowiczb4@phoca.cz,Edgeify,
Stewart,Rodda,Nurse,Male,08/16/2024,sroddab5@telegraph.co.uk,,22:07:19
Mallissa,Martill,Statistician IV,Female,05/21/2024,mmartillb6@reference.com,Skinte,11:54:18
Florie,,Occupational Therapist,Female,07/02/2024,fcomettoib7@miitbeian.gov.cn,Trupe,8:12:55
Ingar,Kiffe,Technical Writer,Male,01/30/2025,ikiffeb8@delicious.com,Vidoo,5:53:40
Mahalia,,Dental Hygienist,Female,11/23/2024,mkellenb9@quantcast.com,Quatz,16:11:01
Ketti,Sullivan,Legal Assistant,Female,05/28/2024,ksullivanba@sphinn.com,Skidoo,3:24:39
Berty,Franzel,Web Developer IV,Male,12/11/2024,bfranzelbb@reddit.com,Yakijo,6:47:19
Reynold,,Internal Auditor,Male,06/07/2024,rshewardbc@engadget.com,Meembee,22:57:56
Ewen,Cureton,Health Coach III,Male,12/19/2024,ecuretonbd@sourceforge.net,,14:38:04
Kelci,Binnes,Senior Financial Analyst,Female,06/12/2024,kbinnesbe@chron.com,Oloo,17:43:42
Hadria,,Tax Accountant,,03/04/2025,hgoffebf@goo.ne.jp,Dabshots,6:49:50
,Hodgon,Engineer III,,08/13/2024,chodgonbg@baidu.com,Gigazoom,14:56:09
Kareem,McIsaac,Web Designer II,Male,08/27/2024,kmcisaacbh@trellian.com,Feedmix,4:10:18
Ky,Croom,,Male,04/12/2025,kcroombi@comcast.net,Livetube,17:36:44
Harriot,Wildt,Office Assistant IV,Female,,hwildtbj@over-blog.com,Thoughtworks,15:43:01
Jase,McHardy,,Male,11/08/2024,jmchardybk@tamu.edu,,15:13:56
Glenn,Forgan,Software Engineer II,Female,08/27/2024,gforganbl@pcworld.com,Linkbuzz,9:41:18
,Deverill,Developer I,,09/01/2024,gdeverillbm@baidu.com,Jayo,7:43:25
Judon,Marquez,Staff Scientist,Male,07/16/2024,jmarquezbn@imdb.com,Kanoodle,15:46:14
Eben,Soares,VP Quality Control,Male,,esoaresbo@wunderground.com,Dynava,3:22:47
Penn,Pulver,,Male,,ppulverbp@yolasite.com,Skippad,14:36:59
Rodi,Trevaskus,Social Worker,Female,06/20/2024,rtrevaskusbq@deliciousdays.com,Kaymbo,
Von,,Legal Assistant,Male,11/06/2024,veberdtbr@blinklist.com,Eimbee,3:23:46
Lorraine,Haggus,,Female,10/21/2024,,LiveZ,3:27:21
,Queyeiro,,,11/28/2024,vqueyeirobt@msu.edu,Fivespan,6:31:14
Aryn,Tristram,Occupational Therapist,,09/23/2024,atristrambu@yahoo.co.jp,Tagchat,7:46:31
Haley,Pankettman,,Male,,hpankettmanbv@apple.com,Thoughtworks,21:42:55
Susi,,Chief Design Engineer,Female,,smcfetridgebw@sciencedirect.com,Edgetag,10:05:15
Haslett,Loveless,Paralegal,Male,,,Yoveo,1:42:45
Bernelle,Vogele,,Female,09/14/2024,bvogeleby@archive.org,Blogtags,13:16:39
,Ruler,,Male,08/16/2024,,Riffpedia,9:39:23
Linea,Decruse,Accounting Assistant I,Female,04/28/2025,ldecrusec0@senate.gov,Photobean,1:08:17
Abagael,McPhate,Computer Systems Analyst IV,Female,,amcphatec1@taobao.com,,5:49:45
Charlie,Crepin,Biostatistician I,Male,10/12/2024,ccrepinc2@ucoz.com,Devify,17:47:58
Creigh,Jacobowits,Chemical Engineer,Male,06/26/2024,cjacobowitsc3@cafepress.com,Geba,8:26:22
Dorise,M'Chirrie,Actuary,Female,10/09/2024,dmchirriec4@ning.com,Livepath,
Rabbi,Addey,Marketing Manager,Male,,raddeyc5@bing.com,Tagcat,2:11:02
Erik,Mellmer,Food Chemist,Male,12/19/2024,emellmerc6@webeden.co.uk,Dynazzy,22:05:39
Conroy,Hunter,Legal Assistant,Male,03/02/2025,,Skinix,18:49:17
,Delagua,Web Developer III,Female,03/05/2025,hdelaguac8@ovh.net,Tekfly,21:36:37
Brnaba,Gillanders,Community Outreach Specialist,Male,06/17/2024,bgillandersc9@sohu.com,Zoomlounge,20:55:55
Berti,Corhard,Nurse Practicioner,Female,07/15/2024,bcorhardca@bloglines.com,Mydo,16:35:02
Manda,Simeon,Executive Secretary,Female,03/11/2025,msimeoncb@google.pl,Flipbug,20:09:42
Crysta,Scambler,Account Representative II,Female,08/04/2024,cscamblercc@rambler.ru,Thoughtmix,
Romonda,Bohey,,Female,01/26/2025,rboheycd@wsj.com,Topdrive,
Nikolaos,Bernardez,Nuclear Power Engineer,Male,02/24/2025,nbernardezce@bbc.co.uk,Oyoyo,13:21:33
Nowell,Sesons,Associate Professor,,12/08/2024,nsesonscf@livejournal.com,,7:31:46
Andra,Ondracek,VP Product Management,Female,04/22/2025,aondracekcg@oakley.com,Wordware,8:49:02
Madel,Cawthry,VP Product Management,Female,04/17/2025,mcawthrych@engadget.com,Voomm,15:58:31
Wylie,Rapin,Occupational Therapist,,12/22/2024,wrapinci@cdc.gov,Quimm,10:33:53
Philip,,Senior Cost Accountant,Male,11/04/2024,pzylbermanncj@cpanel.net,InnoZ,12:04:33
Eryn,Osgodby,Assistant Media Planner,Female,,eosgodbyck@ted.com,Trunyx,2:53:07
,,Information Systems Manager,Male,02/21/2025,lmarciekcl@homestead.com,Meemm,19:55:05
Germain,Leppingwell,Internal Auditor,Male,12/15/2024,gleppingwellcm@1und1.de,Voolith,15:31:58
Germaine,Grzeszczak,Geologist IV,Male,12/04/2024,ggrzeszczakcn@paypal.com,Gigazoom,23:41:00
Lina,,VP Accounting,Female,03/09/2025,lbiaggico@gizmodo.com,Mybuzz,
Rhett,Janda,Professor,Male,11/06/2024,rjandacp@ucoz.com,Jaxworks,
Valma,Jakucewicz,Accounting Assistant II,Female,09/20/2024,,Flipopia,
,Hopfner,,Female,02/11/2025,dhopfnercr@wiley.com,Trilia,11:56:03
Worthy,Jakeman,Information Systems Manager,Male,05/02/2024,wjakemancs@yahoo.com,Skalith,12:22:16
Cary,Swadon,Geologist II,,01/03/2025,cswadonct@multiply.com,,17:51:48
Marnia,Denizet,Office Assistant II,,01/07/2025,mdenizetcu@vimeo.com,Realpoint,23:31:25
,McLice,,Male,02/03/2025,rmclicecv@bandcamp.com,,15:09:06
Leigh,Ranby,VP Accounting,Female,02/03/2025,lranbycw@wikipedia.org,,3:56:02
Calypso,Ozanne,Physical Therapy Assistant,Female,,,Thoughtmix,7:52:54
Elka,,Research Nurse,Female,01/30/2025,,Thoughtstorm,19:37:42
Ugo,Cattroll,Graphic Designer,Male,05/03/2024,ucattrollcz@google.com.hk,Ainyx,1:50:38
,Jeannequin,Account Executive,Male,07/08/2024,djeannequind0@cdc.gov,Eire,
Margareta,Stockin,Financial Analyst,Female,08/13/2024,mstockind1@people.com.cn,Skajo,9:48:30
Beatrisa,Haruard,Administrative Assistant II,Female,09/09/2024,bharuardd2@harvard.edu,,15:24:42
Selena,Whillock,Legal Assistant,Female,02/02/2025,swhillockd3@nydailynews.com,Latz,16:23:04
Carena,Hirche,Senior Developer,Female,01/07/2025,chirched4@booking.com,Youspan,19:58:18
Paton,,GIS Technical Architect,Male,12/03/2024,pbleimand5@skyrock.com,Vinder,
Leodora,McCuaig,VP Quality Control,Female,11/08/2024,lmccuaigd6@hp.com,Blogtags,14:02:54
Cole,Chartre,Marketing Manager,Male,08/24/2024,cchartred7@elpais.com,Youspan,
Elvira,Thorogood,Internal Auditor,Female,04/07/2025,,Thoughtbeat,18:34:16
Zelig,Stallon,,Male,01/25/2025,zstallond9@icio.us,Ailane,9:11:15
Zacharie,Issacson,Operator,Male,09/21/2024,zissacsonda@slate.com,Roombo,1:00:09
Kassie,Holgan,Project Manager,Female,12/28/2024,kholgandb@spotify.com,Myworks,0:48:58
Edd,Brosnan,Senior Sales Associate,Male,,ebrosnandc@rediff.com,Trilith,6:46:09
Alphard,Lount,VP Accounting,,06/19/2024,alountdd@hatena.ne.jp,Kazu,
,Storkes,Mechanical Systems Engineer,Female,01/14/2025,bstorkesde@artisteer.com,Roodel,12:14:04
Caleb,Cestard,,Male,12/20/2024,ccestarddf@arstechnica.com,Yodo,14:46:54
,Wrathmell,Account Coordinator,Female,05/07/2024,jwrathmelldg@icio.us,DabZ,6:42:22
Freddi,Winspire,Desktop Support Technician,,01/22/2025,fwinspiredh@amazon.com,Tagopia,6:51:58
Anne-marie,Antognetti,GIS Technical Architect,Female,05/30/2024,aantognettidi@smh.com.au,,3:29:03
Tomaso,Musslewhite,Assistant Media Planner,Male,06/03/2024,tmusslewhitedj@blog.com,Zoomlounge,2:13:46
Victoria,Martynka,Quality Control Specialist,Female,04/24/2025,vmartynkadk@livejournal.com,Meevee,9:40:40
Beryle,Jentin,Product Engineer,Female,05/31/2024,bjentindl@salon.com,Realcube,16:54:05
Dalston,Fonzone,Nurse,Male,04/13/2025,dfonzonedm@umich.edu,,
Isabelle,Gerry,Pharmacist,Female,08/09/2024,igerrydn@quantcast.com,Aibox,13:34:37
Lauree,Andrysiak,,,07/17/2024,landrysiakdo@pcworld.com,Wikizz,16:43:53
Allsun,,Web Designer II,Female,06/23/2024,ahaddockdp@istockphoto.com,Trudeo,
Brigid,Lehrahan,,Female,01/20/2025,blehrahandq@ycombinator.com,Tanoodle,3:40:56
Natalie,Dickson,Nuclear Power Engineer,Female,08/31/2024,ndicksondr@narod.ru,Edgewire,6:51:25
Lonni,,VP Product Management,Female,10/02/2024,ldupreds@hugedomains.com,Livefish,14:53:05
Noll,Brignell,Research Nurse,Male,11/21/2024,nbrignelldt@themeforest.net,Gabtune,16:38:29
Carlina,Purcer,Office Assistant IV,Female,09/24/2024,cpurcerdu@paypal.com,Dabtype,21:51:43
Leeland,Elwood,Executive Secretary,Male,02/23/2025,lelwooddv@amazon.de,Yabox,21:02:19
Sly,Hobson,Staff Scientist,Male,03/06/2025,shobsondw@bing.com,Devpoint,5:16:26
Ann,Stocky,Internal Auditor,Female,09/28/2024,astockydx@yellowpages.com,Yodel,6:54:54
Arlana,Stretton,Account Executive,,06/02/2024,astrettondy@reddit.com,,3:19:42
Sunshine,Waiting,Actuary,Female,,swaitingdz@wisc.edu,Youspan,2:22:39
Benson,Gaffey,Actuary,Male,01/25/2025,bgaffeye0@webeden.co.uk,Linkbridge,22:26:11
Gene,Thundercliffe,Software Test Engineer III,Male,07/21/2024,gthundercliffee1@harvard.edu,,23:15:24
Joscelin,Lantuff,Senior Developer,Female,12/20/2024,jlantuffe2@hc360.com,Kwilith,10:24:58
Elle,Robertis,Help Desk Operator,Female,,erobertise3@sohu.com,Viva,22:47:43
Guthrie,Prestwich,Staff Accountant I,Male,09/03/2024,gprestwiche4@artisteer.com,Browsebug,
Frieda,Enrdigo,Information Systems Manager,Female,04/16/2025,fenrdigoe5@bloglines.com,Skivee,11:34:18
Valle,Drinkale,Help Desk Operator,Male,03/02/2025,vdrinkalee6@economist.com,Fliptune,
Joane,,Media Manager III,Female,,jsommerscalese7@telegraph.co.uk,Oyoloo,16:22:34
Clair,Llewhellin,Biostatistician IV,Male,01/04/2025,cllewhelline8@smh.com.au,Skipfire,12:57:11
Alis,,Project Manager,,04/19/2025,aneggrinie9@51.la,Thoughtbeat,
,Letterick,Pharmacist,Male,02/02/2025,fletterickea@youtu.be,Topicblab,3:51:38
Daffie,Cockell,Human Resources Manager,Female,10/18/2024,dcockelleb@live.com,Ainyx,9:14:30
Ruperto,Clive,Desktop Support Technician,,02/02/2025,rcliveec@marriott.com,Avamba,14:38:13
Tommy,Gilhouley,,Female,08/12/2024,,Blogtags,
Amie,Forde,Office Assistant III,Female,11/08/2024,afordeee@jimdo.com,Fatz,10:02:43
Pansie,Mawhinney,Recruiting Manager,Female,10/24/2024,pmawhinneyef@technorati.com,Trilia,21:13:46
Davey,Hachard,Analog Circuit Design manager,Male,12/17/2024,dhachardeg@dion.ne.jp,Camimbo,0:08:35
Ezequiel,Lusgdin,VP Accounting,Male,08/13/2024,elusgdineh@fastcompany.com,Kimia,5:32:56
Carlynne,,Analog Circuit Design manager,Female,11/16/2024,cbreenei@intel.com,Roombo,12:16:26
Piggy,,Pharmacist,Male,11/21/2024,,Skyba,19:26:28
Dion,Cabrales,Software Test Engineer IV,Male,07/18/2024,dcabralesek@naver.com,Eazzy,7:03:37
Jarrad,,Help Desk Operator,Male,11/05/2024,jglasheenel@gnu.org,Topicblab,
Olympia,Spiniello,Marketing Manager,Female,01/09/2025,ospinielloem@dell.com,Edgeify,5:24:01
Lizette,,VP Accounting,Female,08/02/2024,lworrallen@epa.gov,Voonix,16:43:09
Franz,Writer,,,,fwritereo@spotify.com,Tavu,
Poppy,Faull,Payment Adjustment Coordinator,Female,12/24/2024,pfaullep@hhs.gov,Centizu,22:14:30
Glenda,McNeely,,Female,01/05/2025,gmcneelyeq@netscape.com,Babbleset,1:33:00
Jameson,Greest,,Male,04/04/2025,jgreester@tuttocitta.it,Flipstorm,13:17:56
Grace,Feldstein,Compensation Analyst,Female,03/02/2025,gfeldsteines@kickstarter.com,Reallinks,0:48:03
Arlen,Capponeer,Quality Control Specialist,Female,,acapponeeret@sciencedirect.com,Avamba,21:52:20
Tanner,Langsbury,Legal Assistant,Male,01/30/2025,tlangsburyeu@cnbc.com,Gabtype,4:47:00
Dieter,Kamiyama,Software Engineer I,Male,,dkamiyamaev@who.int,Quinu,10:00:43
Dario,Elacoate,Physical Therapy Assistant,Male,07/13/2024,delacoateew@dmoz.org,Quimm,5:42:24
Clemmie,Wheatcroft,Statistician I,Female,04/27/2025,,Divape,
Ines,Fearenside,Safety Technician I,Female,06/02/2024,ifearensideey@dot.gov,Wikibox,7:40:43
Netty,Chipping,Structural Analysis Engineer,Female,09/25/2024,nchippingez@independent.co.uk,Wordify,15:45:13
Andromache,Barlee,Programmer I,Female,08/30/2024,abarleef0@purevolume.com,Riffwire,11:52:16
Kacie,Worden,Analog Circuit Design manager,Female,09/01/2024,kwordenf1@hud.gov,Gabtype,3:06:34
,,Staff Scientist,Female,12/29/2024,loyleyf2@goo.ne.jp,Flipstorm,20:05:40
Marmaduke,Whittet,Internal Auditor,Male,07/03/2024,mwhittetf3@mozilla.org,Quatz,11:25:19
Sly,Amiable,Payment Adjustment Coordinator,Male,03/14/2025,samiablef4@prlog.org,Youtags,2:47:59
Roarke,Melley,Electrical Engineer,Male,,rmelleyf5@wikipedia.org,Jabbersphere,
Stephen,Tuckett,Project Manager,Male,10/22/2024,stuckettf6@umn.edu,,20:56:43
Holly-anne,Cunradi,Paralegal,Female,02/06/2025,hcunradif7@bizjournals.com,Skilith,17:59:47
Devonna,Posselt,Office Assistant III,Female,03/28/2025,dposseltf8@taobao.com,Skipfire,1:08:32
Drucie,Grewe,Accounting Assistant I,Female,01/15/2025,dgrewef9@clickbank.net,Quimba,3:48:28
Konstantin,Cod,Marketing Manager,Male,04/10/2025,,Miboo,17:08:25
Kyla,Sabie,Data Coordinator,Female,05/08/2024,ksabiefb@bloglovin.com,Photolist,18:25:48
Melva,,Quality Engineer,Female,,mgunthorpefc@w3.org,Npath,23:38:18
Francyne,Langworthy,Tax Accountant,Female,06/15/2024,flangworthyfd@youku.com,Buzzster,0:14:25
Natala,Borthram,Database Administrator I,Female,02/04/2025,nborthramfe@cloudflare.com,Gigabox,10:48:03
Trixi,Zuann,Occupational Therapist,Female,08/17/2024,tzuannff@google.pl,Photobean,3:34:27
See,Samter,Administrative Assistant IV,Male,10/27/2024,ssamterfg@quantcast.com,Kaymbo,4:40:25
Codie,Govier,Sales Representative,Female,,cgovierfh@meetup.com,Eayo,12:09:30
Fredric,Minchi,,Male,10/12/2024,fminchifi@google.fr,Trudeo,10:04:42
Candra,Spowart,Electrical Engineer,Female,07/17/2024,cspowartfj@cnn.com,Twitterbridge,21:14:16
Artair,Rowbury,Technical Writer,Male,09/30/2024,arowburyfk@cyberchimps.com,Aimbo,0:12:55
Mano,Shales,Software Test Engineer I,Male,09/15/2024,mshalesfl@multiply.com,,
,Ohanessian,Electrical Engineer,Female,04/13/2025,gohanessianfm@patch.com,Realblab,13:32:08
Constantino,Yven,Legal Assistant,Male,12/09/2024,cyvenfn@google.fr,Oyoyo,2:17:41
Hillary,Garrod,Design Engineer,Male,,hgarrodfo@usda.gov,Yacero,18:23:42
,Cazalet,Technical Writer,Female,09/04/2024,gcazaletfp@blog.com,Photospace,6:59:17
Trefor,Durdan,Software Test Engineer III,Male,02/18/2025,tdurdanfq@simplemachines.org,Oyoyo,13:07:07
Bron,Peerless,Librarian,Male,06/09/2024,bpeerlessfr@elegantthemes.com,LiveZ,19:39:51
Karlene,,Structural Analysis Engineer,Female,07/24/2024,kalanbrookefs@pbs.org,Fliptune,
Mario,Trematick,Engineer IV,Male,08/26/2024,mtrematickft@ebay.co.uk,DabZ,13:15:33
Edythe,McCorrie,Developer III,Female,06/23/2024,emccorriefu@vimeo.com,Topicblab,7:58:59
Shannen,Frank,VP Sales,,12/17/2024,sfrankfv@sun.com,Vinte,22:28:06
Troy,Pugsley,Operator,Male,05/28/2024,tpugsleyfw@facebook.com,Riffpedia,18:59:06
Joshua,Rosensaft,Statistician IV,Male,10/28/2024,jrosensaftfx@icio.us,Yotz,4:15:16
,Dreye,Business Systems Development Analyst,Male,04/26/2025,edreyefy@scribd.com,,19:57:21
Ezri,Smooth,Budget/Accounting Analyst II,,09/16/2024,esmoothfz@fotki.com,Quatz,6:16:31
Hugibert,,Programmer Analyst IV,Male,06/14/2024,hstrathmang0@so-net.ne.jp,Livefish,
Trip,Robrow,Chemical Engineer,Male,11/03/2024,trobrowg1@house.gov,Skyble,12:32:23
,Grishaev,Nurse,Female,12/29/2024,jgrishaevg2@google.es,Vinder,16:35:31
Davide,Habbert,Information Systems Manager,Male,,dhabbertg3@latimes.com,Abata,22:22:38
Sampson,Turville,Human Resources Assistant I,,09/24/2024,sturvilleg4@samsung.com,Quamba,23:15:06
Axel,Faulds,Sales Associate,Male,09/19/2024,afauldsg5@cbslocal.com,Realpoint,17:47:45
Dory,,Dental Hygienist,Male,11/10/2024,dkiffeg6@webmd.com,Gabcube,21:39:27
Brittany,Killiam,Budget/Accounting Analyst II,Female,07/25/2024,bkilliamg7@cdbaby.com,,1:04:01
Klara,Hutchins,Software Consultant,Female,01/13/2025,khutchinsg8@skype.com,Latz,22:35:06
Darcee,Buddington,Junior Executive,Female,07/29/2024,dbuddingtong9@vimeo.com,Izio,17:26:33
Shaina,Bearman,Payment Adjustment Coordinator,Female,01/28/2025,sbearmanga@msu.edu,Miboo,3:38:54
Robb,Petrushanko,Geologist I,Male,04/24/2025,rpetrushankogb@smh.com.au,Pixoboo,17:44:26
Lyndsey,Dunleavy,Financial Analyst,Female,01/03/2025,ldunleavygc@prlog.org,Wikizz,11:32:00
,Kleiner,Clinical Specialist,Male,03/11/2025,ckleinergd@mac.com,,23:49:19
Jules,Escalera,Teacher,Male,08/05/2024,jescalerage@disqus.com,Mycat,9:53:03
Reade,Lerwell,Recruiter,Male,11/06/2024,rlerwellgf@weather.com,Snaptags,21:08:43
Becki,Longridge,Civil Engineer,Female,,blongridgegg@soup.io,,15:20:17
Spence,Hattigan,Financial Analyst,Male,08/02/2024,shattigangh@homestead.com,JumpXS,20:25:13
Moreen,Tough,GIS Technical Architect,Female,12/18/2024,mtoughgi@trellian.com,Quatz,15:12:53
Raye,Yukhnev,Business Systems Development Analyst,,02/07/2025,ryukhnevgj@vkontakte.ru,Roodel,11:41:55
Cassandre,Filson,Assistant Media Planner,Female,,cfilsongk@umich.edu,Cogibox,12:09:11
Tedman,Wythe,Research Associate,Male,09/20/2024,twythegl@thetimes.co.uk,,19:28:23
Andreana,Skowcraft,Chemical Engineer,Female,07/14/2024,askowcraftgm@google.ru,,15:58:22
Emanuel,,Assistant Professor,Male,10/27/2024,emundellgn@nsw.gov.au,Fliptune,18:58:56
Karolina,Wickling,Nurse,,09/04/2024,kwicklinggo@nbcnews.com,Wikivu,13:57:53
,Vaen,Operator,Female,06/14/2024,hvaengp@parallels.com,Browsetype,20:39:42
Abrahan,De Ruel,Chief Design Engineer,Male,08/29/2024,aderuelgq@cargocollective.com,Avamm,23:19:27
Ashely,,Compensation Analyst,Female,10/07/2024,acridlingr@imgur.com,Photojam,
Rich,Nellis,Senior Sales Associate,Male,03/11/2025,rnellisgs@qq.com,Miboo,11:02:57
Clevie,Malham,Operator,Male,06/22/2024,cmalhamgt@nsw.gov.au,Trupe,1:54:52
Fredrick,Elloway,Computer Systems Analyst IV,Male,,,Rhycero,
Babs,Camillo,Environmental Specialist,Female,05/08/2024,,Dabjam,9:40:43
Ellissa,Djuricic,Staff Accountant I,Female,12/02/2024,edjuricicgw@plala.or.jp,Shuffletag,4:25:52
Marlena,Lathee,,Female,08/09/2024,mlatheegx@nbcnews.com,Oyoloo,11:55:56
Wash,Alu,Junior Executive,Male,11/05/2024,walugy@networkadvertising.org,Mymm,
Mari,Mursell,,Female,09/01/2024,mmursellgz@youtube.com,Divanoodle,
Dion,Bonifazio,Programmer Analyst IV,Male,02/23/2025,dbonifazioh0@bigcartel.com,Bubblebox,8:02:37
Patience,,Software Consultant,Female,,pkrogerh1@google.com.au,Edgeclub,
,Robiou,Staff Scientist,Male,10/31/2024,trobiouh2@mit.edu,Fadeo,21:40:18
Shell,Speenden,Civil Engineer,Female,12/13/2024,sspeendenh3@ft.com,Cogibox,0:50:34
Laney,Stearne,Payment Adjustment Coordinator,Female,10/14/2024,lstearneh4@earthlink.net,Skiba,22:52:08
Kimmy,Mosten,Data Coordinator,Female,10/28/2024,,Browseblab,2:53:59
Butch,Chaundy,Account Executive,Male,12/26/2024,bchaundyh6@arstechnica.com,Blognation,
Stephanus,Harring,Pharmacist,Male,10/18/2024,,,16:56:52
Adi,Butland,Accounting Assistant I,Female,02/18/2025,abutlandh8@constantcontact.com,,20:16:49
Lorenzo,Bosley,Senior Sales Associate,Male,01/16/2025,lbosleyh9@aol.com,Yadel,13:07:42
Dicky,Mardee,,Male,,dmardeeha@shinystat.com,Tavu,17:02:02
,Cathersides,Geological Engineer,Male,03/20/2025,kcathersideshb@simplemachines.org,DabZ,21:51:50
Malanie,Hinners,Senior Developer,Female,11/21/2024,mhinnershc@webmd.com,Aivee,0:07:17
Deborah,Headford,Teacher,Female,,dheadfordhd@blogger.com,Pixonyx,
Waverly,Cleft,,Male,,wclefthe@1und1.de,Cogibox,1:34:50
Marie-ann,Beautyman,Sales Representative,Female,03/31/2025,,Innojam,1:04:24
Jennifer,Twinborne,Marketing Assistant,Female,07/08/2024,jtwinbornehg@blogs.com,Dazzlesphere,0:38:19
Parke,Stopps,Compensation Analyst,Male,08/06/2024,pstoppshh@amazon.co.uk,Lajo,8:58:19
Kalil,Wakerley,Database Administrator IV,Male,02/07/2025,kwakerleyhi@addtoany.com,Realblab,
,Digle,Librarian,Female,07/21/2024,gdiglehj@godaddy.com,Agivu,3:53:11
Murdoch,Byer,Assistant Media Planner,Male,11/17/2024,mbyerhk@diigo.com,Izio,
Julie,,Structural Engineer,Female,02/22/2025,,Yodo,8:02:29
,Bucktharp,Human Resources Assistant II,Female,03/18/2025,sbucktharphm@nasa.gov,Yombu,6:21:22
Cathleen,,Graphic Designer,Female,01/24/2025,cchanderhn@senate.gov,Mymm,18:31:23
Margot,Hamner,Executive Secretary,Female,06/05/2024,mhamnerho@amazon.com,,11:16:56
Corrina,Balkwill,Executive Secretary,Female,12/25/2024,cbalkwillhp@bbb.org,Browsebug,19:12:19
Tawsha,Brunger,Dental Hygienist,,,tbrungerhq@umn.edu,BlogXS,14:30:41
Otes,,Human Resources Manager,Male,03/16/2025,ocarlawhr@deliciousdays.com,Blogtag,8:16:44
Bendix,Milburn,,Male,07/02/2024,bmilburnhs@simplemachines.org,Flashspan,
Aron,Tuiller,Speech Pathologist,Male,09/12/2024,atuillerht@simplemachines.org,Skivee,2:12:45
,,,Male,,jleveringtonhu@youtube.com,BlogXS,21:58:37
Allayne,Goodie,Desktop Support Technician,Male,,,Ailane,9:31:46
Chevy,Eadmeades,Help Desk Technician,Male,12/05/2024,ceadmeadeshw@ameblo.jp,Gigazoom,11:23:44
Rodolph,Dukesbury,Librarian,Male,09/03/2024,rdukesburyhx@amazon.co.uk,Wikido,13:18:55
Gaven,Chazelle,Technical Writer,Male,09/26/2024,gchazellehy@purevolume.com,Cogidoo,10:55:12
Davie,Dafter,Editor,Male,06/16/2024,,Twitterlist,11:47:47
Barbabas,Bellhanger,Help Desk Operator,Male,,bbellhangeri0@slate.com,Avamm,17:05:57
Jeffry,Loalday,Professor,Male,09/21/2024,jloaldayi1@merriam-webster.com,,23:43:37
Umberto,Harle,Automation Specialist II,Male,01/03/2025,uharlei2@deviantart.com,Kanoodle,
Zak,Bruster,Structural Analysis Engineer,Male,06/15/2024,zbrusteri3@redcross.org,Voonder,16:39:28
,Andrioni,,Female,07/14/2024,sandrionii4@slashdot.org,Thoughtstorm,19:37:43
Fanny,,Structural Analysis Engineer,Female,07/31/2024,fmahai5@acquirethisname.com,Wordify,8:50:06
Jodi,Narrie,Civil Engineer,Female,11/06/2024,jnarriei6@reddit.com,Livefish,
Jobie,Rosenwasser,Recruiting Manager,Female,10/17/2024,jrosenwasseri7@jigsy.com,Aimbu,2:58:10
Amabelle,Foan,Legal Assistant,,09/21/2024,afoani8@list-manage.com,,23:41:07
Maximilian,Tuxsell,Systems Administrator II,Male,,mtuxselli9@google.cn,Tagchat,16:12:21
Selby,,Database Administrator III,Male,06/09/2024,srudallia@hibu.com,Browsecat,12:24:11
Aviva,Gillebride,,,10/05/2024,agillebrideib@illinois.edu,Mita,21:37:57
Merrielle,Chatburn,Payment Adjustment Coordinator,Female,01/04/2025,mchatburnic@ebay.com,Twitternation,20:02:41
Felic,,Compensation Analyst,,08/24/2024,fgerlingid@hatena.ne.jp,,11:28:17
Nil,Wilmot,Teacher,Male,07/11/2024,nwilmotie@sphinn.com,Roodel,23:08:53
Bee,Parton,Office Assistant II,Female,12/23/2024,bpartonif@networksolutions.com,Tekfly,
Lark,Datte,Geologist IV,Female,12/07/2024,,Edgewire,6:52:08
Fee,Aslet,Community Outreach Specialist,Male,07/07/2024,fasletih@dailymotion.com,Kazu,5:04:31
Chicky,Flucker,Analyst Programmer,,10/11/2024,cfluckerii@virginia.edu,Flashdog,19:51:15
Araldo,Collidge,Civil Engineer,Male,07/08/2024,acollidgeij@mashable.com,Twitternation,16:31:44
Reiko,Smitherman,,Female,02/09/2025,rsmithermanik@delicious.com,Ntags,6:57:10
Dora,Minshaw,Web Developer IV,Female,02/26/2025,dminshawil@mashable.com,Babblestorm,23:03:08
Lexis,Gashion,Accounting Assistant I,Female,,lgashionim@typepad.com,Livetube,20:17:27
Logan,Challens,Information Systems Manager,Male,08/29/2024,lchallensin@fastcompany.com,Photojam,8:02:44
Corinna,McNickle,Geologist II,Female,05/02/2024,cmcnickleio@craigslist.org,Voolia,3:52:51
Ferdie,Lyall,,Male,03/14/2025,,Teklist,0:19:16
Skippie,Glendining,,Male,12/06/2024,sglendiningiq@guardian.co.uk,Fliptune,9:25:39
Crosby,Hortop,Automation Specialist I,Male,,chortopir@mayoclinic.com,Twitterworks,12:14:02
Kacy,,Assistant Media Planner,Female,07/30/2024,,Realcube,20:55:22
Wadsworth,Penhalewick,Tax Accountant,Male,05/13/2024,,Feedfire,16:46:24
Cam,Southern,Junior Executive,,10/09/2024,csoutherniu@g.co,,22:35:29
Marilin,Northing,Account Representative II,Female,01/23/2025,mnorthingiv@stanford.edu,Aibox,8:32:27
,Giddy,Occupational Therapist,Male,,agiddyiw@linkedin.com,,1:56:07
,Gatheridge,,Male,04/25/2025,cgatheridgeix@nasa.gov,Realmix,10:39:06
Leslie,Dedney,Desktop Support Technician,Female,,ldedneyiy@github.com,Yodo,13:34:55
Emyle,O'Lagene,Administrative Officer,,10/30/2024,,Skiptube,8:02:17
Xever,Dowdle,Account Coordinator,Male,01/19/2025,,,
Derwin,Curgenuer,,Male,12/02/2024,dcurgenuerj1@moonfruit.com,Voomm,21:13:25
Eduardo,,Media Manager I,Male,05/03/2024,ealphonsoj2@chronoengine.com,,12:42:38
Giana,Bragg,Web Developer III,Female,09/27/2024,gbraggj3@utexas.edu,Topicshots,16:38:32
Derwin,Roffe,Developer IV,Male,03/29/2025,droffej4@vk.com,Bubblebox,
Theadora,Echelle,Executive Secretary,Female,01/08/2025,techellej5@auda.org.au,Voomm,11:37:39
Gardie,,Software Test Engineer I,Male,01/16/2025,godroughtj6@php.net,Gevee,3:52:05
Elsbeth,Vaughan-Hughes,Legal Assistant,Female,05/19/2024,,Fadeo,6:17:19
Maryrose,Jansema,Compensation Analyst,Female,05/01/2024,mjansemaj8@xrea.com,,2:22:12
Jeanie,Guynemer,Executive Secretary,Female,09/07/2024,jguynemerj9@mtv.com,,
,Sambidge,Graphic Designer,Female,10/29/2024,vsambidgeja@newsvine.com,Twiyo,
Dorree,,Executive Secretary,Female,02/04/2025,dpavlitschekjb@discovery.com,DabZ,
Theodosia,Gronauer,Product Engineer,Female,01/22/2025,tgronauerjc@livejournal.com,Brainlounge,12:13:40
Tracey,,Automation Specialist II,Female,07/13/2024,tgisbornejd@gmpg.org,Trudeo,10:31:26
Nancey,Nare,Senior Editor,Female,,nnareje@amazon.de,Mynte,1:52:36
Luce,Timperley,Graphic Designer,Male,07/10/2024,ltimperleyjf@yolasite.com,,21:30:10
